_id.dl_date,_id.dl_zn,_id.dl_time,dl_count
32,,0,11.0
32,,1,69.0
32,,2,5.0
32,,3,3.0
32,,6,1.0
32,,8,2.0
32,,40,2.0
32,"A",0,232.0
32,"A",1,1530.0
32,"A",2,265.0
32,"A",3,62.0
32,"A",4,14.0
32,"A",5,13.0
32,"A",6,1.0
32,"A",7,2.0
32,"A",8,3.0
32,"A",9,1.0
32,"A",11,1.0
32,"A",40,20.0
32,"B",0,1.0
32,"B",1,1394.0
32,"B",2,1646.0
32,"B",3,686.0
32,"B",4,180.0
32,"B",5,98.0
32,"B",6,33.0
32,"B",7,6.0
32,"B",8,19.0
32,"B",9,8.0
32,"B",10,5.0
32,"B",12,1.0
32,"B",26,1.0
32,"B",40,18.0
32,"C",0,3.0
32,"C",1,1088.0
32,"C",2,4724.0
32,"C",3,2076.0
32,"C",4,417.0
32,"C",5,89.0
32,"C",6,37.0
32,"C",7,8.0
32,"C",8,21.0
32,"C",9,6.0
32,"C",10,2.0
32,"C",11,2.0
32,"C",12,1.0
32,"C",13,3.0
32,"C",14,2.0
32,"C",15,1.0
32,"C",18,1.0
32,"C",19,1.0
32,"C",20,1.0
32,"C",40,44.0
32,"D",0,4.0
32,"D",1,755.0
32,"D",2,4944.0
32,"D",3,5938.0
32,"D",4,3448.0
32,"D",5,1576.0
32,"D",6,539.0
32,"D",7,114.0
32,"D",8,103.0
32,"D",9,57.0
32,"D",10,24.0
32,"D",11,26.0
32,"D",12,35.0
32,"D",13,7.0
32,"D",14,4.0
32,"D",15,4.0
32,"D",16,17.0
32,"D",17,1.0
32,"D",18,1.0
32,"D",20,1.0
32,"D",25,1.0
32,"D",40,147.0
32,"E",2,57.0
32,"E",3,188.0
32,"E",4,443.0
32,"E",5,884.0
32,"E",6,906.0
32,"E",7,316.0
32,"E",8,505.0
32,"E",9,310.0
32,"E",10,110.0
32,"E",11,212.0
32,"E",12,322.0
32,"E",13,157.0
32,"E",14,11.0
32,"E",15,6.0
32,"E",16,72.0
32,"E",17,217.0
32,"E",18,164.0
32,"E",19,17.0
32,"E",20,2.0
32,"E",21,1.0
32,"E",22,4.0
32,"E",40,68.0
33,,0,103.0
33,,1,130.0
33,,2,9.0
33,,3,4.0
33,,4,1.0
33,,5,1.0
33,,7,1.0
33,,13,1.0
33,,39,41.0
33,"A",0,1228.0
33,"A",1,4385.0
33,"A",2,752.0
33,"A",3,111.0
33,"A",4,41.0
33,"A",5,31.0
33,"A",6,6.0
33,"A",7,6.0
33,"A",8,3.0
33,"A",9,11.0
33,"A",11,1.0
33,"A",12,8.0
33,"A",13,4.0
33,"A",14,2.0
33,"A",19,6.0
33,"A",23,1.0
33,"A",24,1.0
33,"A",26,3.0
33,"A",33,1.0
33,"A",39,37.0
33,"B",0,190.0
33,"B",1,2101.0
33,"B",2,2697.0
33,"B",3,1092.0
33,"B",4,257.0
33,"B",5,174.0
33,"B",6,9.0
33,"B",7,43.0
33,"B",8,10.0
33,"B",9,21.0
33,"B",10,14.0
33,"B",11,5.0
33,"B",12,1.0
33,"B",13,2.0
33,"B",14,7.0
33,"B",18,4.0
33,"B",21,1.0
33,"B",24,1.0
33,"B",28,1.0
33,"B",39,43.0
33,"C",0,267.0
33,"C",1,3319.0
33,"C",2,9695.0
33,"C",3,3588.0
33,"C",4,762.0
33,"C",5,209.0
33,"C",6,19.0
33,"C",7,109.0
33,"C",8,28.0
33,"C",9,5.0
33,"C",10,26.0
33,"C",11,5.0
33,"C",12,14.0
33,"C",13,2.0
33,"C",14,5.0
33,"C",15,1.0
33,"C",16,2.0
33,"C",18,2.0
33,"C",19,1.0
33,"C",20,3.0
33,"C",21,3.0
33,"C",23,2.0
33,"C",24,1.0
33,"C",25,1.0
33,"C",28,1.0
33,"C",36,1.0
33,"C",39,96.0
33,"D",0,776.0
33,"D",1,1546.0
33,"D",2,8396.0
33,"D",3,10477.0
33,"D",4,5766.0
33,"D",5,3004.0
33,"D",6,525.0
33,"D",7,933.0
33,"D",8,288.0
33,"D",9,205.0
33,"D",10,64.0
33,"D",11,33.0
33,"D",12,12.0
33,"D",13,7.0
33,"D",14,18.0
33,"D",15,7.0
33,"D",16,3.0
33,"D",18,1.0
33,"D",20,1.0
33,"D",21,5.0
33,"D",23,3.0
33,"D",24,2.0
33,"D",28,2.0
33,"D",33,5.0
33,"D",35,3.0
33,"D",37,1.0
33,"D",39,567.0
33,"E",0,25.0
33,"E",1,69.0
33,"E",2,204.0
33,"E",3,559.0
33,"E",4,989.0
33,"E",5,1118.0
33,"E",6,475.0
33,"E",7,610.0
33,"E",8,395.0
33,"E",9,255.0
33,"E",10,480.0
33,"E",11,374.0
33,"E",12,279.0
33,"E",13,31.0
33,"E",14,70.0
33,"E",15,119.0
33,"E",16,147.0
33,"E",17,136.0
33,"E",18,35.0
33,"E",19,4.0
33,"E",20,2.0
33,"E",21,3.0
33,"E",39,95.0
34,,0,68.0
34,,1,229.0
34,,2,17.0
34,,3,7.0
34,,4,4.0
34,,6,2.0
34,,38,13.0
34,"A",0,1930.0
34,"A",1,5987.0
34,"A",2,354.0
34,"A",3,81.0
34,"A",4,36.0
34,"A",5,13.0
34,"A",6,25.0
34,"A",7,7.0
34,"A",8,8.0
34,"A",9,2.0
34,"A",10,3.0
34,"A",11,2.0
34,"A",20,1.0
34,"A",22,1.0
34,"A",28,1.0
34,"A",38,205.0
34,"B",0,429.0
34,"B",1,3816.0
34,"B",2,3207.0
34,"B",3,1028.0
34,"B",4,289.0
34,"B",5,33.0
34,"B",6,85.0
34,"B",7,16.0
34,"B",8,12.0
34,"B",9,8.0
34,"B",10,7.0
34,"B",11,2.0
34,"B",12,1.0
34,"B",13,2.0
34,"B",14,1.0
34,"B",17,5.0
34,"B",34,1.0
34,"B",38,42.0
34,"C",0,456.0
34,"C",1,4461.0
34,"C",2,14478.0
34,"C",3,3640.0
34,"C",4,695.0
34,"C",5,75.0
34,"C",6,782.0
34,"C",7,147.0
34,"C",8,31.0
34,"C",9,18.0
34,"C",10,10.0
34,"C",11,18.0
34,"C",12,2.0
34,"C",13,10.0
34,"C",14,1.0
34,"C",15,2.0
34,"C",17,2.0
34,"C",18,1.0
34,"C",20,1.0
34,"C",21,2.0
34,"C",23,1.0
34,"C",24,1.0
34,"C",38,133.0
34,"D",0,846.0
34,"D",1,2398.0
34,"D",2,13269.0
34,"D",3,13170.0
34,"D",4,7518.0
34,"D",5,1112.0
34,"D",6,1933.0
34,"D",7,692.0
34,"D",8,261.0
34,"D",9,98.0
34,"D",10,25.0
34,"D",11,30.0
34,"D",12,7.0
34,"D",13,20.0
34,"D",14,6.0
34,"D",15,5.0
34,"D",16,2.0
34,"D",17,3.0
34,"D",20,1.0
34,"D",22,1.0
34,"D",24,1.0
34,"D",28,1.0
34,"D",29,1.0
34,"D",38,479.0
34,"E",0,36.0
34,"E",1,69.0
34,"E",2,225.0
34,"E",3,885.0
34,"E",4,1154.0
34,"E",5,948.0
34,"E",6,1342.0
34,"E",7,530.0
34,"E",8,440.0
34,"E",9,601.0
34,"E",10,498.0
34,"E",11,457.0
34,"E",12,47.0
34,"E",13,135.0
34,"E",14,137.0
34,"E",15,236.0
34,"E",16,150.0
34,"E",17,56.0
34,"E",18,24.0
34,"E",19,1.0
34,"E",20,29.0
34,"E",21,7.0
34,"E",30,1.0
34,"E",38,159.0
35,,0,111.0
35,,1,163.0
35,,2,13.0
35,,3,3.0
35,,5,1.0
35,,6,1.0
35,,37,8.0
35,"A",0,797.0
35,"A",1,5152.0
35,"A",2,590.0
35,"A",3,80.0
35,"A",4,19.0
35,"A",5,26.0
35,"A",6,2.0
35,"A",7,7.0
35,"A",8,5.0
35,"A",9,3.0
35,"A",10,2.0
35,"A",11,5.0
35,"A",12,10.0
35,"A",14,1.0
35,"A",17,2.0
35,"A",18,1.0
35,"A",19,2.0
35,"A",24,2.0
35,"A",31,3.0
35,"A",37,34.0
35,"B",0,453.0
35,"B",1,2660.0
35,"B",2,2773.0
35,"B",3,904.0
35,"B",4,138.0
35,"B",5,173.0
35,"B",6,30.0
35,"B",7,10.0
35,"B",8,11.0
35,"B",9,14.0
35,"B",10,2.0
35,"B",12,12.0
35,"B",13,3.0
35,"B",14,1.0
35,"B",16,1.0
35,"B",19,1.0
35,"B",22,1.0
35,"B",26,1.0
35,"B",37,50.0
35,"C",0,652.0
35,"C",1,3152.0
35,"C",2,10109.0
35,"C",3,3085.0
35,"C",4,265.0
35,"C",5,1364.0
35,"C",6,157.0
35,"C",7,25.0
35,"C",8,19.0
35,"C",9,6.0
35,"C",10,3.0
35,"C",11,2.0
35,"C",12,3.0
35,"C",14,1.0
35,"C",15,1.0
35,"C",19,13.0
35,"C",21,1.0
35,"C",22,1.0
35,"C",30,1.0
35,"C",37,131.0
35,"D",0,1178.0
35,"D",1,2495.0
35,"D",2,8971.0
35,"D",3,11143.0
35,"D",4,1893.0
35,"D",5,4657.0
35,"D",6,1382.0
35,"D",7,367.0
35,"D",8,121.0
35,"D",9,67.0
35,"D",10,29.0
35,"D",11,8.0
35,"D",12,49.0
35,"D",13,9.0
35,"D",14,4.0
35,"D",15,2.0
35,"D",16,4.0
35,"D",17,2.0
35,"D",19,6.0
35,"D",20,5.0
35,"D",21,5.0
35,"D",22,1.0
35,"D",23,4.0
35,"D",28,1.0
35,"D",31,1.0
35,"D",37,536.0
35,"E",0,57.0
35,"E",1,53.0
35,"E",2,236.0
35,"E",3,613.0
35,"E",4,539.0
35,"E",5,891.0
35,"E",6,428.0
35,"E",7,714.0
35,"E",8,397.0
35,"E",9,540.0
35,"E",10,340.0
35,"E",11,10.0
35,"E",12,96.0
35,"E",13,55.0
35,"E",14,94.0
35,"E",15,111.0
35,"E",16,28.0
35,"E",17,54.0
35,"E",18,4.0
35,"E",19,41.0
35,"E",20,2.0
35,"E",22,2.0
35,"E",37,256.0
36,,0,80.0
36,,1,146.0
36,,2,15.0
36,,4,4.0
36,,5,1.0
36,,36,22.0
36,"A",0,965.0
36,"A",1,5201.0
36,"A",2,265.0
36,"A",3,112.0
36,"A",4,75.0
36,"A",5,14.0
36,"A",6,10.0
36,"A",7,2.0
36,"A",8,2.0
36,"A",9,3.0
36,"A",10,1.0
36,"A",11,3.0
36,"A",12,1.0
36,"A",13,1.0
36,"A",14,1.0
36,"A",15,1.0
36,"A",19,1.0
36,"A",36,285.0
36,"B",0,330.0
36,"B",1,2526.0
36,"B",2,2675.0
36,"B",3,334.0
36,"B",4,536.0
36,"B",5,90.0
36,"B",6,20.0
36,"B",7,9.0
36,"B",8,10.0
36,"B",9,6.0
36,"B",11,31.0
36,"B",12,2.0
36,"B",13,1.0
36,"B",15,2.0
36,"B",18,1.0
36,"B",21,1.0
36,"B",28,1.0
36,"B",36,36.0
36,"C",0,229.0
36,"C",1,3630.0
36,"C",2,8201.0
36,"C",3,1571.0
36,"C",4,4072.0
36,"C",5,379.0
36,"C",6,48.0
36,"C",7,30.0
36,"C",8,31.0
36,"C",9,13.0
36,"C",10,2.0
36,"C",11,7.0
36,"C",13,1.0
36,"C",14,2.0
36,"C",15,8.0
36,"C",16,4.0
36,"C",20,1.0
36,"C",22,3.0
36,"C",23,1.0
36,"C",26,1.0
36,"C",34,2.0
36,"C",36,110.0
36,"D",0,482.0
36,"D",1,1790.0
36,"D",2,8776.0
36,"D",3,3521.0
36,"D",4,10458.0
36,"D",5,2895.0
36,"D",6,713.0
36,"D",7,344.0
36,"D",8,155.0
36,"D",9,55.0
36,"D",10,10.0
36,"D",11,32.0
36,"D",12,5.0
36,"D",13,10.0
36,"D",14,2.0
36,"D",15,7.0
36,"D",16,5.0
36,"D",18,4.0
36,"D",19,1.0
36,"D",20,4.0
36,"D",36,857.0
36,"E",0,26.0
36,"E",1,137.0
36,"E",2,273.0
36,"E",3,232.0
36,"E",4,651.0
36,"E",5,509.0
36,"E",6,1052.0
36,"E",7,495.0
36,"E",8,869.0
36,"E",9,509.0
36,"E",10,23.0
36,"E",11,166.0
36,"E",12,48.0
36,"E",13,65.0
36,"E",14,53.0
36,"E",15,75.0
36,"E",16,45.0
36,"E",17,8.0
36,"E",18,36.0
36,"E",19,4.0
36,"E",20,1.0
36,"E",36,85.0
37,,0,69.0
37,,1,143.0
37,,2,1.0
37,,3,7.0
37,,4,3.0
37,,5,1.0
37,,8,1.0
37,,11,1.0
37,,35,50.0
37,"A",0,741.0
37,"A",1,3009.0
37,"A",2,832.0
37,"A",3,1298.0
37,"A",4,81.0
37,"A",5,25.0
37,"A",6,7.0
37,"A",7,5.0
37,"A",8,3.0
37,"A",10,2.0
37,"A",35,38.0
37,"B",0,514.0
37,"B",1,2544.0
37,"B",2,1448.0
37,"B",3,1602.0
37,"B",4,260.0
37,"B",5,82.0
37,"B",6,52.0
37,"B",7,22.0
37,"B",8,3.0
37,"B",9,1.0
37,"B",10,5.0
37,"B",11,1.0
37,"B",12,3.0
37,"B",14,2.0
37,"B",15,1.0
37,"B",20,1.0
37,"B",21,1.0
37,"B",32,1.0
37,"B",35,126.0
37,"C",0,524.0
37,"C",1,2349.0
37,"C",2,4337.0
37,"C",3,10724.0
37,"C",4,687.0
37,"C",5,282.0
37,"C",6,148.0
37,"C",7,79.0
37,"C",8,25.0
37,"C",9,2.0
37,"C",10,12.0
37,"C",11,2.0
37,"C",12,9.0
37,"C",13,6.0
37,"C",15,1.0
37,"C",17,1.0
37,"C",35,193.0
37,"D",0,1146.0
37,"D",1,1834.0
37,"D",2,3038.0
37,"D",3,14818.0
37,"D",4,5863.0
37,"D",5,2066.0
37,"D",6,718.0
37,"D",7,334.0
37,"D",8,116.0
37,"D",9,20.0
37,"D",10,49.0
37,"D",11,40.0
37,"D",12,12.0
37,"D",13,5.0
37,"D",14,4.0
37,"D",15,2.0
37,"D",17,5.0
37,"D",19,1.0
37,"D",20,1.0
37,"D",21,1.0
37,"D",22,1.0
37,"D",23,1.0
37,"D",24,1.0
37,"D",26,1.0
37,"D",35,910.0
37,"E",0,60.0
37,"E",1,25.0
37,"E",2,81.0
37,"E",3,649.0
37,"E",4,589.0
37,"E",5,1087.0
37,"E",6,406.0
37,"E",7,328.0
37,"E",8,569.0
37,"E",9,47.0
37,"E",10,374.0
37,"E",11,86.0
37,"E",12,53.0
37,"E",13,58.0
37,"E",14,67.0
37,"E",15,21.0
37,"E",16,2.0
37,"E",17,68.0
37,"E",18,12.0
37,"E",20,2.0
37,"E",21,1.0
37,"E",25,1.0
37,"E",35,34.0
38,,0,39.0
38,,1,47.0
38,,2,78.0
38,,3,2.0
38,,4,3.0
38,,5,2.0
38,,6,1.0
38,,34,17.0
38,"A",0,498.0
38,"A",1,1877.0
38,"A",2,1255.0
38,"A",3,132.0
38,"A",4,33.0
38,"A",5,29.0
38,"A",6,4.0
38,"A",7,5.0
38,"A",9,2.0
38,"A",12,5.0
38,"A",13,1.0
38,"A",17,1.0
38,"A",34,26.0
38,"B",0,493.0
38,"B",1,771.0
38,"B",2,2726.0
38,"B",3,482.0
38,"B",4,171.0
38,"B",5,92.0
38,"B",6,39.0
38,"B",7,15.0
38,"B",8,5.0
38,"B",9,6.0
38,"B",10,3.0
38,"B",11,11.0
38,"B",12,5.0
38,"B",13,1.0
38,"B",14,1.0
38,"B",17,1.0
38,"B",18,1.0
38,"B",21,1.0
38,"B",34,108.0
38,"C",0,479.0
38,"C",1,536.0
38,"C",2,9395.0
38,"C",3,1813.0
38,"C",4,419.0
38,"C",5,140.0
38,"C",6,71.0
38,"C",7,21.0
38,"C",8,1.0
38,"C",9,12.0
38,"C",10,3.0
38,"C",11,4.0
38,"C",13,15.0
38,"C",14,9.0
38,"C",17,3.0
38,"C",20,1.0
38,"C",24,1.0
38,"C",26,1.0
38,"C",27,6.0
38,"C",30,1.0
38,"C",34,57.0
38,"D",0,1156.0
38,"D",1,467.0
38,"D",2,7186.0
38,"D",3,8455.0
38,"D",4,4322.0
38,"D",5,1777.0
38,"D",6,848.0
38,"D",7,343.0
38,"D",8,95.0
38,"D",9,156.0
38,"D",10,33.0
38,"D",11,22.0
38,"D",12,27.0
38,"D",13,8.0
38,"D",14,15.0
38,"D",15,1.0
38,"D",16,8.0
38,"D",17,3.0
38,"D",18,3.0
38,"D",20,1.0
38,"D",23,1.0
38,"D",24,1.0
38,"D",27,2.0
38,"D",34,1101.0
38,"E",0,46.0
38,"E",1,19.0
38,"E",2,156.0
38,"E",3,624.0
38,"E",4,399.0
38,"E",5,386.0
38,"E",6,303.0
38,"E",7,427.0
38,"E",8,81.0
38,"E",9,382.0
38,"E",10,106.0
38,"E",11,51.0
38,"E",12,82.0
38,"E",13,52.0
38,"E",14,56.0
38,"E",15,9.0
38,"E",16,109.0
38,"E",17,5.0
38,"E",19,14.0
38,"E",20,2.0
38,"E",24,1.0
38,"E",34,25.0
39,,0,15.0
39,,1,148.0
39,,2,7.0
39,,3,3.0
39,,6,5.0
39,,10,1.0
39,,33,14.0
39,"A",0,429.0
39,"A",1,2011.0
39,"A",2,470.0
39,"A",3,82.0
39,"A",4,12.0
39,"A",5,2.0
39,"A",6,2.0
39,"A",10,1.0
39,"A",11,3.0
39,"A",13,1.0
39,"A",16,3.0
39,"A",18,1.0
39,"A",33,31.0
39,"B",0,54.0
39,"B",1,1790.0
39,"B",2,1577.0
39,"B",3,375.0
39,"B",4,75.0
39,"B",5,36.0
39,"B",6,10.0
39,"B",7,2.0
39,"B",8,5.0
39,"B",9,2.0
39,"B",10,1.0
39,"B",11,6.0
39,"B",13,1.0
39,"B",15,1.0
39,"B",17,1.0
39,"B",33,31.0
39,"C",0,81.0
39,"C",1,3428.0
39,"C",2,4817.0
39,"C",3,1215.0
39,"C",4,250.0
39,"C",5,99.0
39,"C",6,21.0
39,"C",7,7.0
39,"C",8,13.0
39,"C",9,1.0
39,"C",10,2.0
39,"C",12,4.0
39,"C",13,5.0
39,"C",15,1.0
39,"C",16,1.0
39,"C",18,2.0
39,"C",26,14.0
39,"C",33,105.0
39,"D",0,303.0
39,"D",1,1702.0
39,"D",2,5460.0
39,"D",3,4632.0
39,"D",4,1573.0
39,"D",5,562.0
39,"D",6,182.0
39,"D",7,34.0
39,"D",8,59.0
39,"D",9,30.0
39,"D",10,7.0
39,"D",11,20.0
39,"D",12,3.0
39,"D",13,1.0
39,"D",15,2.0
39,"D",16,1.0
39,"D",17,1.0
39,"D",18,1.0
39,"D",19,3.0
39,"D",25,1.0
39,"D",33,577.0
39,"E",0,15.0
39,"E",1,11.0
39,"E",2,312.0
39,"E",3,437.0
39,"E",4,298.0
39,"E",5,243.0
39,"E",6,355.0
39,"E",7,75.0
39,"E",8,361.0
39,"E",9,174.0
39,"E",10,48.0
39,"E",11,37.0
39,"E",12,72.0
39,"E",13,39.0
39,"E",14,4.0
39,"E",15,64.0
39,"E",16,13.0
39,"E",33,7.0
40,,0,78.0
40,,1,105.0
40,,2,7.0
40,,3,6.0
40,,5,1.0
40,,7,3.0
40,,8,1.0
40,,32,29.0
40,"A",0,221.0
40,"A",1,4266.0
40,"A",2,1395.0
40,"A",3,159.0
40,"A",4,46.0
40,"A",5,24.0
40,"A",6,4.0
40,"A",7,8.0
40,"A",8,5.0
40,"A",9,6.0
40,"A",10,1.0
40,"A",11,7.0
40,"A",12,3.0
40,"A",14,3.0
40,"A",15,4.0
40,"A",16,1.0
40,"A",17,2.0
40,"A",19,1.0
40,"A",22,1.0
40,"A",32,91.0
40,"B",0,508.0
40,"B",1,1597.0
40,"B",2,3177.0
40,"B",3,1386.0
40,"B",4,274.0
40,"B",5,90.0
40,"B",6,19.0
40,"B",7,24.0
40,"B",8,8.0
40,"B",9,7.0
40,"B",10,6.0
40,"B",11,2.0
40,"B",12,2.0
40,"B",14,1.0
40,"B",15,15.0
40,"B",16,1.0
40,"B",22,1.0
40,"B",32,191.0
40,"C",0,456.0
40,"C",1,3255.0
40,"C",2,11546.0
40,"C",3,5436.0
40,"C",4,899.0
40,"C",5,208.0
40,"C",6,17.0
40,"C",7,64.0
40,"C",8,15.0
40,"C",9,12.0
40,"C",10,9.0
40,"C",11,3.0
40,"C",12,9.0
40,"C",14,6.0
40,"C",15,16.0
40,"C",16,2.0
40,"C",17,2.0
40,"C",18,2.0
40,"C",22,1.0
40,"C",23,1.0
40,"C",32,489.0
40,"D",0,1022.0
40,"D",1,1863.0
40,"D",2,11005.0
40,"D",3,11573.0
40,"D",4,7009.0
40,"D",5,2584.0
40,"D",6,467.0
40,"D",7,894.0
40,"D",8,300.0
40,"D",9,128.0
40,"D",10,24.0
40,"D",11,17.0
40,"D",12,9.0
40,"D",13,2.0
40,"D",14,15.0
40,"D",15,39.0
40,"D",16,3.0
40,"D",17,13.0
40,"D",18,5.0
40,"D",24,1.0
40,"D",25,1.0
40,"D",26,4.0
40,"D",32,1884.0
40,"E",0,45.0
40,"E",1,53.0
40,"E",2,353.0
40,"E",3,1006.0
40,"E",4,730.0
40,"E",5,714.0
40,"E",6,180.0
40,"E",7,804.0
40,"E",8,674.0
40,"E",9,261.0
40,"E",10,115.0
40,"E",11,126.0
40,"E",12,172.0
40,"E",13,14.0
40,"E",14,105.0
40,"E",15,49.0
40,"E",16,2.0
40,"E",17,6.0
40,"E",32,47.0
41,,0,49.0
41,,1,132.0
41,,2,4.0
41,,3,1.0
41,,4,3.0
41,,5,1.0
41,,31,17.0
41,"A",0,1068.0
41,"A",1,4812.0
41,"A",2,319.0
41,"A",3,58.0
41,"A",4,18.0
41,"A",5,5.0
41,"A",6,10.0
41,"A",7,4.0
41,"A",8,3.0
41,"A",9,3.0
41,"A",10,4.0
41,"A",13,4.0
41,"A",14,8.0
41,"A",15,2.0
41,"A",16,62.0
41,"A",17,3.0
41,"A",31,99.0
41,"B",0,522.0
41,"B",1,2492.0
41,"B",2,3081.0
41,"B",3,793.0
41,"B",4,156.0
41,"B",5,13.0
41,"B",6,21.0
41,"B",7,29.0
41,"B",8,12.0
41,"B",9,4.0
41,"B",11,1.0
41,"B",12,1.0
41,"B",13,6.0
41,"B",14,41.0
41,"B",15,26.0
41,"B",16,1.0
41,"B",17,2.0
41,"B",18,1.0
41,"B",20,2.0
41,"B",25,3.0
41,"B",31,165.0
41,"C",0,1270.0
41,"C",1,5101.0
41,"C",2,11370.0
41,"C",3,2887.0
41,"C",4,429.0
41,"C",5,35.0
41,"C",6,138.0
41,"C",7,39.0
41,"C",8,24.0
41,"C",9,7.0
41,"C",10,5.0
41,"C",11,1.0
41,"C",13,1.0
41,"C",14,26.0
41,"C",15,50.0
41,"C",16,7.0
41,"C",17,9.0
41,"C",18,5.0
41,"C",21,3.0
41,"C",22,1.0
41,"C",23,2.0
41,"C",25,20.0
41,"C",27,2.0
41,"C",31,174.0
41,"D",0,1113.0
41,"D",1,2941.0
41,"D",2,11386.0
41,"D",3,12401.0
41,"D",4,5494.0
41,"D",5,631.0
41,"D",6,1593.0
41,"D",7,486.0
41,"D",8,163.0
41,"D",9,96.0
41,"D",10,20.0
41,"D",11,21.0
41,"D",12,14.0
41,"D",13,24.0
41,"D",14,72.0
41,"D",15,38.0
41,"D",16,16.0
41,"D",17,16.0
41,"D",18,6.0
41,"D",19,1.0
41,"D",20,24.0
41,"D",21,4.0
41,"D",22,11.0
41,"D",25,31.0
41,"D",27,1.0
41,"D",31,1791.0
41,"E",0,28.0
41,"E",1,49.0
41,"E",2,649.0
41,"E",3,720.0
41,"E",4,896.0
41,"E",5,142.0
41,"E",6,821.0
41,"E",7,578.0
41,"E",8,550.0
41,"E",9,153.0
41,"E",10,131.0
41,"E",11,46.0
41,"E",12,20.0
41,"E",13,79.0
41,"E",14,13.0
41,"E",15,1.0
41,"E",16,2.0
41,"E",18,1.0
41,"E",23,1.0
41,"E",31,33.0
42,,0,59.0
42,,1,119.0
42,,2,8.0
42,,5,1.0
42,,6,1.0
42,,7,1.0
42,,30,17.0
42,"A",0,673.0
42,"A",1,3777.0
42,"A",2,326.0
42,"A",3,55.0
42,"A",4,28.0
42,"A",5,15.0
42,"A",6,7.0
42,"A",7,4.0
42,"A",8,2.0
42,"A",9,1.0
42,"A",10,1.0
42,"A",13,6.0
42,"A",15,3.0
42,"A",17,1.0
42,"A",30,50.0
42,"B",0,367.0
42,"B",1,2030.0
42,"B",2,2523.0
42,"B",3,532.0
42,"B",4,71.0
42,"B",5,93.0
42,"B",6,15.0
42,"B",7,14.0
42,"B",8,6.0
42,"B",9,3.0
42,"B",10,2.0
42,"B",12,1.0
42,"B",13,74.0
42,"B",15,3.0
42,"B",16,6.0
42,"B",17,1.0
42,"B",27,1.0
42,"B",30,66.0
42,"C",0,483.0
42,"C",1,3365.0
42,"C",2,9362.0
42,"C",3,2338.0
42,"C",4,214.0
42,"C",5,532.0
42,"C",6,66.0
42,"C",7,40.0
42,"C",8,17.0
42,"C",9,8.0
42,"C",10,10.0
42,"C",12,3.0
42,"C",13,195.0
42,"C",14,4.0
42,"C",15,5.0
42,"C",16,1.0
42,"C",17,3.0
42,"C",18,1.0
42,"C",20,1.0
42,"C",21,2.0
42,"C",22,1.0
42,"C",24,1.0
42,"C",27,2.0
42,"C",30,124.0
42,"D",0,1058.0
42,"D",1,1732.0
42,"D",2,8247.0
42,"D",3,10072.0
42,"D",4,1361.0
42,"D",5,4307.0
42,"D",6,1008.0
42,"D",7,421.0
42,"D",8,215.0
42,"D",9,84.0
42,"D",10,37.0
42,"D",11,11.0
42,"D",12,37.0
42,"D",13,39.0
42,"D",14,15.0
42,"D",15,10.0
42,"D",16,18.0
42,"D",17,1.0
42,"D",19,1.0
42,"D",20,3.0
42,"D",21,1.0
42,"D",24,3.0
42,"D",30,1152.0
42,"E",0,31.0
42,"E",1,44.0
42,"E",2,482.0
42,"E",3,552.0
42,"E",4,208.0
42,"E",5,921.0
42,"E",6,326.0
42,"E",7,1154.0
42,"E",8,325.0
42,"E",9,159.0
42,"E",10,79.0
42,"E",11,24.0
42,"E",12,131.0
42,"E",13,23.0
42,"E",15,2.0
42,"E",30,20.0
43,,0,73.0
43,,1,128.0
43,,2,4.0
43,,3,2.0
43,,4,3.0
43,,5,2.0
43,,7,2.0
43,,8,3.0
43,,11,1.0
43,,29,23.0
43,"A",0,691.0
43,"A",1,3831.0
43,"A",2,410.0
43,"A",3,22.0
43,"A",4,40.0
43,"A",5,23.0
43,"A",6,9.0
43,"A",7,3.0
43,"A",8,2.0
43,"A",9,2.0
43,"A",11,2.0
43,"A",12,254.0
43,"A",13,6.0
43,"A",14,5.0
43,"A",15,4.0
43,"A",16,2.0
43,"A",17,1.0
43,"A",19,1.0
43,"A",24,1.0
43,"A",28,1.0
43,"A",29,44.0
43,"B",0,340.0
43,"B",1,1827.0
43,"B",2,2252.0
43,"B",3,244.0
43,"B",4,464.0
43,"B",5,64.0
43,"B",6,40.0
43,"B",7,12.0
43,"B",8,5.0
43,"B",11,1.0
43,"B",12,67.0
43,"B",13,6.0
43,"B",29,78.0
43,"C",0,478.0
43,"C",1,4003.0
43,"C",2,8853.0
43,"C",3,902.0
43,"C",4,1957.0
43,"C",5,164.0
43,"C",6,33.0
43,"C",7,19.0
43,"C",8,11.0
43,"C",9,4.0
43,"C",10,2.0
43,"C",11,6.0
43,"C",12,49.0
43,"C",13,11.0
43,"C",14,6.0
43,"C",15,2.0
43,"C",16,1.0
43,"C",18,1.0
43,"C",23,1.0
43,"C",29,110.0
43,"D",0,1090.0
43,"D",1,2023.0
43,"D",2,8242.0
43,"D",3,3183.0
43,"D",4,10165.0
43,"D",5,2832.0
43,"D",6,1201.0
43,"D",7,477.0
43,"D",8,366.0
43,"D",9,313.0
43,"D",10,37.0
43,"D",11,106.0
43,"D",12,26.0
43,"D",13,27.0
43,"D",14,27.0
43,"D",15,12.0
43,"D",16,2.0
43,"D",17,2.0
43,"D",18,1.0
43,"D",19,1.0
43,"D",20,1.0
43,"D",23,1.0
43,"D",25,1.0
43,"D",29,868.0
43,"E",0,36.0
43,"E",1,110.0
43,"E",2,339.0
43,"E",3,268.0
43,"E",4,854.0
43,"E",5,229.0
43,"E",6,1414.0
43,"E",7,594.0
43,"E",8,300.0
43,"E",9,169.0
43,"E",10,40.0
43,"E",11,192.0
43,"E",12,21.0
43,"E",14,8.0
43,"E",15,1.0
43,"E",19,1.0
43,"E",21,1.0
43,"E",29,20.0
44,,0,79.0
44,,1,97.0
44,,2,2.0
44,,3,7.0
44,,4,2.0
44,,8,2.0
44,,10,1.0
44,,12,1.0
44,,13,1.0
44,,28,13.0
44,"A",0,706.0
44,"A",1,3948.0
44,"A",2,204.0
44,"A",3,181.0
44,"A",4,68.0
44,"A",5,9.0
44,"A",6,4.0
44,"A",7,1.0
44,"A",8,4.0
44,"A",11,4.0
44,"A",12,2.0
44,"A",13,2.0
44,"A",19,1.0
44,"A",22,1.0
44,"A",28,48.0
44,"B",0,389.0
44,"B",1,2313.0
44,"B",2,1025.0
44,"B",3,1586.0
44,"B",4,168.0
44,"B",5,98.0
44,"B",6,22.0
44,"B",7,13.0
44,"B",8,6.0
44,"B",10,5.0
44,"B",11,2.0
44,"B",12,3.0
44,"B",13,1.0
44,"B",14,2.0
44,"B",28,53.0
44,"C",0,284.0
44,"C",1,4031.0
44,"C",2,3419.0
44,"C",3,7291.0
44,"C",4,663.0
44,"C",5,197.0
44,"C",6,34.0
44,"C",7,16.0
44,"C",8,2.0
44,"C",9,4.0
44,"C",10,4.0
44,"C",11,4.0
44,"C",12,4.0
44,"C",13,4.0
44,"C",14,1.0
44,"C",17,1.0
44,"C",26,1.0
44,"C",28,84.0
44,"D",0,900.0
44,"D",1,2402.0
44,"D",2,3071.0
44,"D",3,13437.0
44,"D",4,4866.0
44,"D",5,1812.0
44,"D",6,619.0
44,"D",7,160.0
44,"D",8,48.0
44,"D",9,7.0
44,"D",10,51.0
44,"D",11,8.0
44,"D",12,40.0
44,"D",13,10.0
44,"D",15,12.0
44,"D",19,1.0
44,"D",22,1.0
44,"D",24,1.0
44,"D",28,767.0
44,"E",0,43.0
44,"E",1,32.0
44,"E",2,132.0
44,"E",3,1157.0
44,"E",4,343.0
44,"E",5,699.0
44,"E",6,757.0
44,"E",7,406.0
44,"E",8,302.0
44,"E",9,20.0
44,"E",10,116.0
44,"E",11,47.0
44,"E",12,3.0
44,"E",13,7.0
44,"E",14,1.0
44,"E",15,9.0
44,"E",20,1.0
44,"E",28,23.0
45,,0,63.0
45,,1,39.0
45,,2,66.0
45,,3,1.0
45,,4,3.0
45,,5,1.0
45,,6,1.0
45,,7,1.0
45,,27,35.0
45,"A",0,583.0
45,"A",1,1700.0
45,"A",2,1916.0
45,"A",3,185.0
45,"A",4,40.0
45,"A",5,12.0
45,"A",6,3.0
45,"A",7,3.0
45,"A",9,4.0
45,"A",10,1.0
45,"A",11,3.0
45,"A",12,2.0
45,"A",13,1.0
45,"A",16,1.0
45,"A",17,1.0
45,"A",27,62.0
45,"B",0,329.0
45,"B",1,663.0
45,"B",2,3001.0
45,"B",3,619.0
45,"B",4,186.0
45,"B",5,65.0
45,"B",6,31.0
45,"B",7,9.0
45,"B",8,4.0
45,"B",9,1.0
45,"B",10,2.0
45,"B",11,14.0
45,"B",12,2.0
45,"B",13,1.0
45,"B",14,1.0
45,"B",19,1.0
45,"B",21,1.0
45,"B",27,44.0
45,"C",0,211.0
45,"C",1,1208.0
45,"C",2,10006.0
45,"C",3,1945.0
45,"C",4,926.0
45,"C",5,265.0
45,"C",6,27.0
45,"C",7,26.0
45,"C",8,6.0
45,"C",9,14.0
45,"C",10,5.0
45,"C",11,10.0
45,"C",12,5.0
45,"C",15,1.0
45,"C",16,2.0
45,"C",17,2.0
45,"C",19,1.0
45,"C",27,118.0
45,"D",0,748.0
45,"D",1,499.0
45,"D",2,7848.0
45,"D",3,8686.0
45,"D",4,4188.0
45,"D",5,2010.0
45,"D",6,758.0
45,"D",7,330.0
45,"D",8,44.0
45,"D",9,89.0
45,"D",10,15.0
45,"D",11,67.0
45,"D",12,29.0
45,"D",13,7.0
45,"D",14,4.0
45,"D",16,2.0
45,"D",17,2.0
45,"D",19,1.0
45,"D",20,1.0
45,"D",27,655.0
45,"E",0,19.0
45,"E",1,8.0
45,"E",2,679.0
45,"E",3,526.0
45,"E",4,450.0
45,"E",5,672.0
45,"E",6,684.0
45,"E",7,263.0
45,"E",8,20.0
45,"E",9,288.0
45,"E",10,159.0
45,"E",11,2.0
45,"E",12,17.0
45,"E",27,12.0
46,,0,15.0
46,,1,117.0
46,,2,4.0
46,,3,2.0
46,,8,2.0
46,,13,1.0
46,,26,3.0
46,"A",0,304.0
46,"A",1,1340.0
46,"A",2,196.0
46,"A",3,43.0
46,"A",4,25.0
46,"A",5,17.0
46,"A",6,5.0
46,"A",8,3.0
46,"A",9,1.0
46,"A",10,4.0
46,"A",11,5.0
46,"A",12,1.0
46,"A",17,1.0
46,"A",18,1.0
46,"A",20,1.0
46,"A",26,16.0
46,"B",0,69.0
46,"B",1,1309.0
46,"B",2,939.0
46,"B",3,338.0
46,"B",4,45.0
46,"B",5,12.0
46,"B",6,4.0
46,"B",7,6.0
46,"B",8,1.0
46,"B",9,3.0
46,"B",10,23.0
46,"B",11,23.0
46,"B",12,2.0
46,"B",13,1.0
46,"B",26,18.0
46,"C",0,29.0
46,"C",1,2936.0
46,"C",2,3061.0
46,"C",3,853.0
46,"C",4,213.0
46,"C",5,38.0
46,"C",6,18.0
46,"C",7,2.0
46,"C",8,6.0
46,"C",10,28.0
46,"C",11,4.0
46,"C",12,2.0
46,"C",14,1.0
46,"C",26,21.0
46,"D",0,241.0
46,"D",1,1594.0
46,"D",2,4648.0
46,"D",3,4059.0
46,"D",4,2307.0
46,"D",5,1258.0
46,"D",6,754.0
46,"D",7,83.0
46,"D",8,223.0
46,"D",9,39.0
46,"D",10,52.0
46,"D",11,7.0
46,"D",12,12.0
46,"D",13,14.0
46,"D",15,1.0
46,"D",17,1.0
46,"D",18,1.0
46,"D",19,1.0
46,"D",20,1.0
46,"D",21,1.0
46,"D",26,331.0
46,"E",0,4.0
46,"E",1,16.0
46,"E",2,454.0
46,"E",3,531.0
46,"E",4,404.0
46,"E",5,301.0
46,"E",6,282.0
46,"E",7,40.0
46,"E",8,665.0
46,"E",9,234.0
46,"E",10,10.0
46,"E",11,23.0
46,"E",15,2.0
46,"E",16,1.0
46,"E",18,1.0
46,"E",22,1.0
46,"E",26,35.0
47,,0,77.0
47,,1,125.0
47,,2,8.0
47,,3,4.0
47,,4,1.0
47,,5,2.0
47,,6,1.0
47,,25,21.0
47,"A",0,425.0
47,"A",1,4332.0
47,"A",2,344.0
47,"A",3,73.0
47,"A",4,50.0
47,"A",5,44.0
47,"A",6,9.0
47,"A",7,12.0
47,"A",9,31.0
47,"A",10,9.0
47,"A",11,2.0
47,"A",12,2.0
47,"A",13,1.0
47,"A",16,2.0
47,"A",17,2.0
47,"A",20,1.0
47,"A",24,1.0
47,"A",25,47.0
47,"B",0,195.0
47,"B",1,1556.0
47,"B",2,2766.0
47,"B",3,604.0
47,"B",4,291.0
47,"B",5,110.0
47,"B",6,28.0
47,"B",7,37.0
47,"B",8,8.0
47,"B",9,101.0
47,"B",10,39.0
47,"B",11,12.0
47,"B",12,2.0
47,"B",25,39.0
47,"C",0,209.0
47,"C",1,2550.0
47,"C",2,8581.0
47,"C",3,2536.0
47,"C",4,370.0
47,"C",5,132.0
47,"C",6,32.0
47,"C",7,82.0
47,"C",8,13.0
47,"C",9,205.0
47,"C",10,17.0
47,"C",11,8.0
47,"C",12,5.0
47,"C",13,1.0
47,"C",14,2.0
47,"C",16,1.0
47,"C",17,2.0
47,"C",18,1.0
47,"C",19,3.0
47,"C",21,1.0
47,"C",25,69.0
47,"D",0,411.0
47,"D",1,1664.0
47,"D",2,8924.0
47,"D",3,11005.0
47,"D",4,5449.0
47,"D",5,2397.0
47,"D",6,535.0
47,"D",7,848.0
47,"D",8,142.0
47,"D",9,118.0
47,"D",10,24.0
47,"D",11,49.0
47,"D",12,22.0
47,"D",13,1.0
47,"D",14,7.0
47,"D",15,12.0
47,"D",16,1.0
47,"D",19,4.0
47,"D",21,1.0
47,"D",24,2.0
47,"D",25,456.0
47,"E",0,18.0
47,"E",1,71.0
47,"E",2,481.0
47,"E",3,1056.0
47,"E",4,386.0
47,"E",5,761.0
47,"E",6,92.0
47,"E",7,579.0
47,"E",8,418.0
47,"E",9,24.0
47,"E",10,123.0
47,"E",11,6.0
47,"E",15,1.0
47,"E",16,1.0
47,"E",19,1.0
47,"E",25,33.0
48,,0,49.0
48,,1,85.0
48,,2,5.0
48,,3,5.0
48,,4,3.0
48,,6,2.0
48,,8,1.0
48,,24,52.0
48,"A",0,574.0
48,"A",1,4164.0
48,"A",2,394.0
48,"A",3,127.0
48,"A",4,28.0
48,"A",5,5.0
48,"A",6,8.0
48,"A",7,9.0
48,"A",8,318.0
48,"A",9,18.0
48,"A",10,6.0
48,"A",11,7.0
48,"A",14,2.0
48,"A",15,1.0
48,"A",22,2.0
48,"A",23,1.0
48,"A",24,70.0
48,"B",0,331.0
48,"B",1,2096.0
48,"B",2,3338.0
48,"B",3,541.0
48,"B",4,91.0
48,"B",5,16.0
48,"B",6,59.0
48,"B",7,5.0
48,"B",8,69.0
48,"B",9,3.0
48,"B",10,1.0
48,"B",24,61.0
48,"C",0,227.0
48,"C",1,4825.0
48,"C",2,12283.0
48,"C",3,1476.0
48,"C",4,354.0
48,"C",5,52.0
48,"C",6,76.0
48,"C",7,13.0
48,"C",8,81.0
48,"C",9,7.0
48,"C",10,5.0
48,"C",11,3.0
48,"C",12,2.0
48,"C",13,5.0
48,"C",14,3.0
48,"C",15,7.0
48,"C",17,1.0
48,"C",21,1.0
48,"C",23,4.0
48,"C",24,130.0
48,"D",0,677.0
48,"D",1,1642.0
48,"D",2,11635.0
48,"D",3,11298.0
48,"D",4,4242.0
48,"D",5,648.0
48,"D",6,1071.0
48,"D",7,166.0
48,"D",8,65.0
48,"D",9,22.0
48,"D",10,16.0
48,"D",11,26.0
48,"D",12,2.0
48,"D",13,9.0
48,"D",14,3.0
48,"D",15,5.0
48,"D",16,2.0
48,"D",18,1.0
48,"D",20,1.0
48,"D",24,702.0
48,"E",0,24.0
48,"E",1,68.0
48,"E",2,484.0
48,"E",3,717.0
48,"E",4,1189.0
48,"E",5,129.0
48,"E",6,507.0
48,"E",7,386.0
48,"E",8,39.0
48,"E",9,111.0
48,"E",10,7.0
48,"E",11,2.0
48,"E",13,1.0
48,"E",20,1.0
48,"E",24,29.0
49,,0,92.0
49,,1,146.0
49,,2,2.0
49,,3,3.0
49,,5,2.0
49,,8,1.0
49,,23,16.0
49,"A",0,1072.0
49,"A",1,4875.0
49,"A",2,464.0
49,"A",3,104.0
49,"A",4,40.0
49,"A",5,31.0
49,"A",6,13.0
49,"A",7,10.0
49,"A",8,11.0
49,"A",9,3.0
49,"A",12,1.0
49,"A",13,12.0
49,"A",14,1.0
49,"A",23,36.0
49,"B",0,403.0
49,"B",1,2733.0
49,"B",2,2033.0
49,"B",3,1053.0
49,"B",4,72.0
49,"B",5,187.0
49,"B",6,28.0
49,"B",7,9.0
49,"B",8,11.0
49,"B",9,2.0
49,"B",10,2.0
49,"B",14,1.0
49,"B",15,1.0
49,"B",18,1.0
49,"B",22,1.0
49,"B",23,60.0
49,"C",0,283.0
49,"C",1,5812.0
49,"C",2,8067.0
49,"C",3,2800.0
49,"C",4,169.0
49,"C",5,559.0
49,"C",6,50.0
49,"C",7,30.0
49,"C",8,19.0
49,"C",9,13.0
49,"C",10,7.0
49,"C",12,1.0
49,"C",13,1.0
49,"C",14,9.0
49,"C",21,1.0
49,"C",22,1.0
49,"C",23,111.0
49,"D",0,1077.0
49,"D",1,2714.0
49,"D",2,9909.0
49,"D",3,10265.0
49,"D",4,1790.0
49,"D",5,3708.0
49,"D",6,664.0
49,"D",7,201.0
49,"D",8,53.0
49,"D",9,53.0
49,"D",10,44.0
49,"D",11,4.0
49,"D",12,13.0
49,"D",13,3.0
49,"D",14,3.0
49,"D",15,2.0
49,"D",17,1.0
49,"D",19,1.0
49,"D",21,8.0
49,"D",23,542.0
49,"E",0,18.0
49,"E",1,72.0
49,"E",2,336.0
49,"E",3,1108.0
49,"E",4,216.0
49,"E",5,725.0
49,"E",6,435.0
49,"E",7,171.0
49,"E",8,475.0
49,"E",9,32.0
49,"E",10,5.0
49,"E",12,2.0
49,"E",13,1.0
49,"E",23,59.0
50,,0,71.0
50,,1,115.0
50,,2,8.0
50,,3,1.0
50,,4,3.0
50,,5,2.0
50,,6,1.0
50,,9,2.0
50,,22,34.0
50," D",3,1.0
50,"A",0,563.0
50,"A",1,5451.0
50,"A",2,352.0
50,"A",3,64.0
50,"A",4,64.0
50,"A",5,13.0
50,"A",6,17.0
50,"A",7,8.0
50,"A",8,19.0
50,"A",9,1.0
50,"A",12,3.0
50,"A",13,26.0
50,"A",14,5.0
50,"A",16,2.0
50,"A",22,79.0
50,"B",0,125.0
50,"B",1,2338.0
50,"B",2,2459.0
50,"B",3,418.0
50,"B",4,769.0
50,"B",5,84.0
50,"B",6,53.0
50,"B",7,21.0
50,"B",8,16.0
50,"B",9,1.0
50,"B",11,2.0
50,"B",12,1.0
50,"B",13,2.0
50,"B",14,12.0
50,"B",16,1.0
50,"B",21,1.0
50,"B",22,105.0
50,"C",0,116.0
50,"C",1,3382.0
50,"C",2,11525.0
50,"C",3,1072.0
50,"C",4,2263.0
50,"C",5,116.0
50,"C",6,83.0
50,"C",7,75.0
50,"C",8,88.0
50,"C",9,8.0
50,"C",11,7.0
50,"C",12,1.0
50,"C",13,6.0
50,"C",14,95.0
50,"C",15,17.0
50,"C",16,6.0
50,"C",18,5.0
50,"C",20,1.0
50,"C",21,2.0
50,"C",22,315.0
50,"D",0,278.0
50,"D",1,2725.0
50,"D",2,9934.0
50,"D",3,4412.0
50,"D",4,9114.0
50,"D",5,1975.0
50,"D",6,541.0
50,"D",7,129.0
50,"D",8,125.0
50,"D",9,97.0
50,"D",10,8.0
50,"D",11,36.0
50,"D",12,15.0
50,"D",13,5.0
50,"D",14,32.0
50,"D",15,2.0
50,"D",16,11.0
50,"D",17,1.0
50,"D",18,2.0
50,"D",19,1.0
50,"D",20,1.0
50,"D",21,16.0
50,"D",22,809.0
50,"E",0,31.0
50,"E",1,52.0
50,"E",2,624.0
50,"E",3,229.0
50,"E",4,1266.0
50,"E",5,716.0
50,"E",6,194.0
50,"E",7,538.0
50,"E",8,53.0
50,"E",9,7.0
50,"E",11,14.0
50,"E",12,2.0
50,"E",13,1.0
50,"E",14,2.0
50,"E",16,1.0
50,"E",18,3.0
50,"E",22,110.0
51,,0,57.0
51,,1,132.0
51,,3,4.0
51,,4,3.0
51,,5,2.0
51,,6,1.0
51,,7,1.0
51,,8,4.0
51,,21,70.0
51,"A",0,389.0
51,"A",1,4314.0
51,"A",2,191.0
51,"A",3,236.0
51,"A",4,32.0
51,"A",5,37.0
51,"A",6,10.0
51,"A",7,44.0
51,"A",8,22.0
51,"A",10,2.0
51,"A",11,2.0
51,"A",12,2.0
51,"A",13,2.0
51,"A",20,1.0
51,"A",21,64.0
51,"B",0,200.0
51,"B",1,1651.0
51,"B",2,1123.0
51,"B",3,2113.0
51,"B",4,248.0
51,"B",5,85.0
51,"B",6,23.0
51,"B",7,11.0
51,"B",8,14.0
51,"B",9,8.0
51,"B",10,8.0
51,"B",12,1.0
51,"B",18,1.0
51,"B",20,9.0
51,"B",21,73.0
51,"C",0,111.0
51,"C",1,3514.0
51,"C",2,4430.0
51,"C",3,6665.0
51,"C",4,380.0
51,"C",5,184.0
51,"C",6,111.0
51,"C",7,39.0
51,"C",8,101.0
51,"C",9,23.0
51,"C",10,78.0
51,"C",11,6.0
51,"C",12,5.0
51,"C",13,2.0
51,"C",20,1.0
51,"C",21,102.0
51,"D",0,349.0
51,"D",1,2127.0
51,"D",2,3535.0
51,"D",3,12561.0
51,"D",4,5191.0
51,"D",5,1497.0
51,"D",6,434.0
51,"D",7,266.0
51,"D",8,355.0
51,"D",9,20.0
51,"D",10,100.0
51,"D",11,14.0
51,"D",12,3.0
51,"D",13,1.0
51,"D",17,1.0
51,"D",18,1.0
51,"D",19,1.0
51,"D",20,66.0
51,"D",21,587.0
51,"E",0,47.0
51,"E",1,45.0
51,"E",2,171.0
51,"E",3,776.0
51,"E",4,602.0
51,"E",5,278.0
51,"E",6,523.0
51,"E",7,46.0
51,"E",8,14.0
51,"E",10,181.0
51,"E",11,58.0
51,"E",12,2.0
51,"E",17,2.0
51,"E",20,1.0
51,"E",21,86.0
52,,0,47.0
52,,1,50.0
52,,2,50.0
52,,3,8.0
52,,4,1.0
52,,5,1.0
52,,6,1.0
52,,20,15.0
52," D",3,1.0
52,"A",0,701.0
52,"A",1,2085.0
52,"A",2,3021.0
52,"A",3,159.0
52,"A",4,52.0
52,"A",5,24.0
52,"A",6,16.0
52,"A",7,5.0
52,"A",8,15.0
52,"A",9,7.0
52,"A",10,4.0
52,"A",11,25.0
52,"A",12,2.0
52,"A",14,1.0
52,"A",16,1.0
52,"A",17,1.0
52,"A",20,47.0
52,"B",0,180.0
52,"B",1,1043.0
52,"B",2,3109.0
52,"B",3,957.0
52,"B",4,146.0
52,"B",5,53.0
52,"B",6,14.0
52,"B",7,4.0
52,"B",8,1.0
52,"B",9,13.0
52,"B",10,4.0
52,"B",11,2.0
52,"B",12,18.0
52,"B",14,1.0
52,"B",17,2.0
52,"B",19,2.0
52,"B",20,49.0
52,"C",0,373.0
52,"C",1,1026.0
52,"C",2,12723.0
52,"C",3,1755.0
52,"C",4,433.0
52,"C",5,110.0
52,"C",6,33.0
52,"C",7,17.0
52,"C",9,88.0
52,"C",10,10.0
52,"C",11,21.0
52,"C",12,75.0
52,"C",13,1.0
52,"C",14,6.0
52,"C",15,1.0
52,"C",16,1.0
52,"C",17,1.0
52,"C",19,2.0
52,"C",20,101.0
52,"D",0,554.0
52,"D",1,1189.0
52,"D",2,10475.0
52,"D",3,9622.0
52,"D",4,3145.0
52,"D",5,1214.0
52,"D",6,519.0
52,"D",7,376.0
52,"D",8,20.0
52,"D",9,49.0
52,"D",10,36.0
52,"D",11,13.0
52,"D",12,35.0
52,"D",13,2.0
52,"D",14,14.0
52,"D",16,3.0
52,"D",18,1.0
52,"D",19,1.0
52,"D",20,1116.0
52,"E",0,50.0
52,"E",1,22.0
52,"E",2,429.0
52,"E",3,372.0
52,"E",4,153.0
52,"E",5,147.0
52,"E",6,75.0
52,"E",7,28.0
52,"E",9,101.0
52,"E",10,57.0
52,"E",11,12.0
52,"E",12,4.0
52,"E",14,3.0
52,"E",20,981.0
53,,0,16.0
53,,1,104.0
53,,2,4.0
53,,3,2.0
53,,4,2.0
53,,6,3.0
53,,19,2.0
53,"A",0,151.0
53,"A",1,1385.0
53,"A",2,426.0
53,"A",3,35.0
53,"A",4,19.0
53,"A",5,11.0
53,"A",6,14.0
53,"A",7,10.0
53,"A",8,1.0
53,"A",9,9.0
53,"A",10,1.0
53,"A",11,1.0
53,"A",13,1.0
53,"A",17,2.0
53,"A",18,1.0
53,"A",19,19.0
53,"B",0,4.0
53,"B",1,1198.0
53,"B",2,1169.0
53,"B",3,164.0
53,"B",4,42.0
53,"B",5,8.0
53,"B",6,6.0
53,"B",7,3.0
53,"B",8,1.0
53,"B",9,2.0
53,"B",19,26.0
53,"C",0,9.0
53,"C",1,3517.0
53,"C",2,2463.0
53,"C",3,952.0
53,"C",4,157.0
53,"C",5,31.0
53,"C",6,2.0
53,"C",7,1.0
53,"C",8,2.0
53,"C",10,14.0
53,"C",11,2.0
53,"C",13,2.0
53,"C",15,2.0
53,"C",19,19.0
53,"D",0,37.0
53,"D",1,1488.0
53,"D",2,4876.0
53,"D",3,3117.0
53,"D",4,1004.0
53,"D",5,392.0
53,"D",6,89.0
53,"D",7,6.0
53,"D",8,45.0
53,"D",9,3.0
53,"D",10,5.0
53,"D",11,10.0
53,"D",13,2.0
53,"D",16,1.0
53,"D",19,395.0
53,"E",0,16.0
53,"E",1,138.0
53,"E",2,69.0
53,"E",3,61.0
53,"E",4,8.0
53,"E",5,10.0
53,"E",6,11.0
53,"E",8,5.0
53,"E",9,15.0
53,"E",10,5.0
53,"E",13,26.0
53,"E",14,5.0
53,"E",15,15.0
53,"E",16,4.0
53,"E",17,1.0
53,"E",18,1.0
53,"E",19,837.0
54,,0,83.0
54,,1,145.0
54,,2,19.0
54,,3,4.0
54,,4,1.0
54,,18,54.0
54,"A",0,354.0
54,"A",1,4325.0
54,"A",2,355.0
54,"A",3,65.0
54,"A",4,23.0
54,"A",5,9.0
54,"A",6,11.0
54,"A",7,14.0
54,"A",8,9.0
54,"A",9,11.0
54,"A",10,5.0
54,"A",18,56.0
54,"B",0,170.0
54,"B",1,2341.0
54,"B",2,2234.0
54,"B",3,540.0
54,"B",4,156.0
54,"B",5,67.0
54,"B",6,2.0
54,"B",7,18.0
54,"B",8,4.0
54,"B",9,3.0
54,"B",10,1.0
54,"B",12,2.0
54,"B",13,1.0
54,"B",14,1.0
54,"B",15,1.0
54,"B",18,51.0
54,"C",0,317.0
54,"C",1,4647.0
54,"C",2,9748.0
54,"C",3,1149.0
54,"C",4,269.0
54,"C",5,114.0
54,"C",6,8.0
54,"C",7,59.0
54,"C",8,6.0
54,"C",9,10.0
54,"C",10,10.0
54,"C",12,4.0
54,"C",14,2.0
54,"C",15,1.0
54,"C",16,2.0
54,"C",17,2.0
54,"C",18,125.0
54,"D",0,549.0
54,"D",1,2742.0
54,"D",2,12287.0
54,"D",3,10090.0
54,"D",4,4004.0
54,"D",5,1259.0
54,"D",6,93.0
54,"D",7,335.0
54,"D",8,86.0
54,"D",9,16.0
54,"D",10,36.0
54,"D",11,4.0
54,"D",12,22.0
54,"D",13,4.0
54,"D",14,14.0
54,"D",15,3.0
54,"D",16,1.0
54,"D",17,1.0
54,"D",18,769.0
54,"E",0,70.0
54,"E",1,342.0
54,"E",2,68.0
54,"E",3,110.0
54,"E",4,60.0
54,"E",5,29.0
54,"E",7,38.0
54,"E",8,81.0
54,"E",9,23.0
54,"E",10,2.0
54,"E",12,53.0
54,"E",13,17.0
54,"E",14,37.0
54,"E",15,3.0
54,"E",16,2.0
54,"E",17,1.0
54,"E",18,1046.0
55,,0,87.0
55,,1,170.0
55,,2,11.0
55,,3,3.0
55,,4,1.0
55,,7,1.0
55,,8,1.0
55,,17,9.0
55," D",3,1.0
55,"A",0,608.0
55,"A",1,5059.0
55,"A",2,525.0
55,"A",3,114.0
55,"A",4,52.0
55,"A",5,26.0
55,"A",6,15.0
55,"A",7,10.0
55,"A",8,11.0
55,"A",9,8.0
55,"A",11,4.0
55,"A",12,4.0
55,"A",15,1.0
55,"A",17,54.0
55,"B",0,221.0
55,"B",1,2802.0
55,"B",2,2072.0
55,"B",3,450.0
55,"B",4,82.0
55,"B",5,5.0
55,"B",6,31.0
55,"B",7,11.0
55,"B",8,4.0
55,"B",11,1.0
55,"B",12,3.0
55,"B",13,4.0
55,"B",17,65.0
55,"C",0,171.0
55,"C",1,5059.0
55,"C",2,9672.0
55,"C",3,1892.0
55,"C",4,340.0
55,"C",5,9.0
55,"C",6,52.0
55,"C",7,22.0
55,"C",8,11.0
55,"C",9,3.0
55,"C",10,1.0
55,"C",11,5.0
55,"C",12,3.0
55,"C",13,10.0
55,"C",14,1.0
55,"C",15,1.0
55,"C",17,145.0
55,"D",0,545.0
55,"D",1,3112.0
55,"D",2,11608.0
55,"D",3,9966.0
55,"D",4,4191.0
55,"D",5,563.0
55,"D",6,2034.0
55,"D",7,273.0
55,"D",8,67.0
55,"D",9,25.0
55,"D",10,2.0
55,"D",11,14.0
55,"D",12,2.0
55,"D",13,13.0
55,"D",14,4.0
55,"D",15,1.0
55,"D",16,3.0
55,"D",17,696.0
55,"E",0,137.0
55,"E",1,169.0
55,"E",2,68.0
55,"E",3,226.0
55,"E",4,157.0
55,"E",5,3.0
55,"E",6,110.0
55,"E",7,93.0
55,"E",8,41.0
55,"E",11,23.0
55,"E",12,10.0
55,"E",13,15.0
55,"E",14,7.0
55,"E",15,1.0
55,"E",17,326.0
56,,0,75.0
56,,1,117.0
56,,2,10.0
56,,3,4.0
56,,16,30.0
56,"A",0,509.0
56,"A",1,3850.0
56,"A",2,366.0
56,"A",3,49.0
56,"A",4,6.0
56,"A",5,4.0
56,"A",6,2.0
56,"A",7,2.0
56,"A",8,3.0
56,"A",10,5.0
56,"A",11,5.0
56,"A",12,3.0
56,"A",13,3.0
56,"A",15,2.0
56,"A",16,27.0
56,"B",0,265.0
56,"B",1,1988.0
56,"B",2,2081.0
56,"B",3,344.0
56,"B",4,39.0
56,"B",5,101.0
56,"B",6,21.0
56,"B",7,19.0
56,"B",8,10.0
56,"B",11,5.0
56,"B",12,3.0
56,"B",14,1.0
56,"B",16,19.0
56,"C",0,414.0
56,"C",1,5517.0
56,"C",2,9814.0
56,"C",3,1383.0
56,"C",4,87.0
56,"C",5,241.0
56,"C",6,26.0
56,"C",7,14.0
56,"C",8,9.0
56,"C",9,1.0
56,"C",10,4.0
56,"C",11,34.0
56,"C",12,32.0
56,"C",13,5.0
56,"C",14,3.0
56,"C",15,4.0
56,"C",16,66.0
56,"D",0,715.0
56,"D",1,2045.0
56,"D",2,10476.0
56,"D",3,8456.0
56,"D",4,933.0
56,"D",5,2215.0
56,"D",6,529.0
56,"D",7,167.0
56,"D",8,62.0
56,"D",9,1.0
56,"D",10,11.0
56,"D",11,4.0
56,"D",12,29.0
56,"D",13,15.0
56,"D",14,5.0
56,"D",15,7.0
56,"D",16,723.0
56,"E",0,12.0
56,"E",1,61.0
56,"E",2,105.0
56,"E",3,196.0
56,"E",4,18.0
56,"E",5,112.0
56,"E",6,97.0
56,"E",7,34.0
56,"E",8,1.0
56,"E",10,43.0
56,"E",11,7.0
56,"E",12,28.0
56,"E",13,8.0
56,"E",15,1.0
56,"E",16,215.0
57,,0,48.0
57,,1,109.0
57,,2,7.0
57,,4,4.0
57,,15,11.0
57," D",4,1.0
57,"A",0,1149.0
57,"A",1,4144.0
57,"A",2,319.0
57,"A",3,33.0
57,"A",4,56.0
57,"A",5,14.0
57,"A",6,34.0
57,"A",7,13.0
57,"A",9,2.0
57,"A",10,1.0
57,"A",11,2.0
57,"A",12,1.0
57,"A",14,1.0
57,"A",15,57.0
57,"B",0,827.0
57,"B",1,2561.0
57,"B",2,2043.0
57,"B",3,160.0
57,"B",4,347.0
57,"B",5,62.0
57,"B",6,52.0
57,"B",7,16.0
57,"B",8,1.0
57,"B",9,8.0
57,"B",10,1.0
57,"B",11,4.0
57,"B",12,3.0
57,"B",13,3.0
57,"B",15,27.0
57,"C",0,235.0
57,"C",1,5158.0
57,"C",2,9251.0
57,"C",3,423.0
57,"C",4,1558.0
57,"C",5,148.0
57,"C",6,51.0
57,"C",7,165.0
57,"C",8,1.0
57,"C",9,18.0
57,"C",10,2.0
57,"C",11,3.0
57,"C",12,1.0
57,"C",13,4.0
57,"C",14,1.0
57,"C",15,114.0
57,"D",0,2091.0
57,"D",1,2504.0
57,"D",2,10916.0
57,"D",3,2914.0
57,"D",4,7291.0
57,"D",5,1793.0
57,"D",6,337.0
57,"D",7,112.0
57,"D",8,9.0
57,"D",9,21.0
57,"D",10,15.0
57,"D",11,37.0
57,"D",12,5.0
57,"D",13,10.0
57,"D",14,6.0
57,"D",15,498.0
57,"E",0,83.0
57,"E",1,49.0
57,"E",2,113.0
57,"E",3,22.0
57,"E",4,224.0
57,"E",5,225.0
57,"E",6,52.0
57,"E",7,2.0
57,"E",9,19.0
57,"E",10,2.0
57,"E",11,14.0
57,"E",12,20.0
57,"E",15,94.0
58,,0,65.0
58,,1,81.0
58,,8,1.0
58,,14,6.0
58,"A",0,573.0
58,"A",1,3306.0
58,"A",2,363.0
58,"A",3,373.0
58,"A",4,86.0
58,"A",5,46.0
58,"A",6,136.0
58,"A",8,13.0
58,"A",9,4.0
58,"A",10,8.0
58,"A",12,4.0
58,"A",13,1.0
58,"A",14,60.0
58,"B",0,271.0
58,"B",1,2716.0
58,"B",2,998.0
58,"B",3,1719.0
58,"B",4,218.0
58,"B",5,121.0
58,"B",6,14.0
58,"B",7,2.0
58,"B",8,10.0
58,"B",10,1.0
58,"B",11,1.0
58,"B",12,1.0
58,"B",14,25.0
58,"C",0,314.0
58,"C",1,4619.0
58,"C",2,3482.0
58,"C",3,7926.0
58,"C",4,504.0
58,"C",5,160.0
58,"C",6,53.0
58,"C",7,15.0
58,"C",8,25.0
58,"C",9,3.0
58,"C",10,9.0
58,"C",11,2.0
58,"C",12,3.0
58,"C",13,2.0
58,"C",14,123.0
58,"D",0,686.0
58,"D",1,2091.0
58,"D",2,3786.0
58,"D",3,14741.0
58,"D",4,5579.0
58,"D",5,1486.0
58,"D",6,465.0
58,"D",7,49.0
58,"D",8,117.0
58,"D",9,17.0
58,"D",10,53.0
58,"D",11,14.0
58,"D",12,8.0
58,"D",13,6.0
58,"D",14,501.0
58,"E",0,4.0
58,"E",1,39.0
58,"E",2,14.0
58,"E",3,355.0
58,"E",4,349.0
58,"E",5,105.0
58,"E",6,2.0
58,"E",8,1.0
58,"E",11,14.0
58,"E",14,50.0
59,,0,54.0
59,,1,81.0
59,,2,147.0
59,,3,4.0
59,,5,2.0
59,,7,2.0
59,,13,14.0
59,"A",0,781.0
59,"A",1,1598.0
59,"A",2,2467.0
59,"A",3,215.0
59,"A",4,52.0
59,"A",5,19.0
59,"A",7,7.0
59,"A",8,2.0
59,"A",9,1.0
59,"A",10,2.0
59,"A",11,1.0
59,"A",13,16.0
59,"B",0,694.0
59,"B",1,950.0
59,"B",2,3075.0
59,"B",3,540.0
59,"B",4,133.0
59,"B",5,129.0
59,"B",6,2.0
59,"B",7,14.0
59,"B",8,7.0
59,"B",9,7.0
59,"B",10,1.0
59,"B",11,2.0
59,"B",13,64.0
59,"C",0,472.0
59,"C",1,887.0
59,"C",2,12677.0
59,"C",3,1236.0
59,"C",4,528.0
59,"C",5,58.0
59,"C",6,35.0
59,"C",7,17.0
59,"C",8,1.0
59,"C",9,6.0
59,"C",10,2.0
59,"C",11,1.0
59,"C",12,1.0
59,"C",13,34.0
59,"D",0,1354.0
59,"D",1,1003.0
59,"D",2,12105.0
59,"D",3,9930.0
59,"D",4,3757.0
59,"D",5,1109.0
59,"D",6,82.0
59,"D",7,236.0
59,"D",8,44.0
59,"D",9,74.0
59,"D",10,16.0
59,"D",11,16.0
59,"D",12,10.0
59,"D",13,560.0
59,"E",0,36.0
59,"E",1,4.0
59,"E",2,191.0
59,"E",3,386.0
59,"E",4,171.0
59,"E",5,13.0
59,"E",7,44.0
59,"E",9,53.0
59,"E",10,52.0
59,"E",13,47.0
60,,0,5.0
60,,1,137.0
60,,2,4.0
60,,3,3.0
60,,6,1.0
60,,12,10.0
60,"A",0,211.0
60,"A",1,1808.0
60,"A",2,191.0
60,"A",3,33.0
60,"A",4,12.0
60,"A",5,1.0
60,"A",6,7.0
60,"A",7,2.0
60,"A",8,1.0
60,"A",10,1.0
60,"A",12,16.0
60,"B",0,110.0
60,"B",1,1918.0
60,"B",2,816.0
60,"B",3,148.0
60,"B",4,31.0
60,"B",6,20.0
60,"B",7,1.0
60,"B",8,1.0
60,"B",12,9.0
60,"C",0,51.0
60,"C",1,4290.0
60,"C",2,3132.0
60,"C",3,518.0
60,"C",4,94.0
60,"C",5,25.0
60,"C",6,25.0
60,"C",7,1.0
60,"C",8,3.0
60,"C",10,1.0
60,"C",12,18.0
60,"D",0,158.0
60,"D",1,2324.0
60,"D",2,6255.0
60,"D",3,3282.0
60,"D",4,1012.0
60,"D",5,26.0
60,"D",6,138.0
60,"D",7,40.0
60,"D",8,74.0
60,"D",9,16.0
60,"D",10,19.0
60,"D",11,7.0
60,"D",12,230.0
60,"E",0,5.0
60,"E",1,16.0
60,"E",2,239.0
60,"E",3,207.0
60,"E",4,12.0
60,"E",6,173.0
60,"E",8,194.0
60,"E",9,72.0
60,"E",12,14.0
61,,0,94.0
61,,1,167.0
61,,2,7.0
61,,3,3.0
61,,5,2.0
61,,7,2.0
61,,11,19.0
61,"A",0,595.0
61,"A",1,4027.0
61,"A",2,377.0
61,"A",3,49.0
61,"A",4,3.0
61,"A",5,6.0
61,"A",6,6.0
61,"A",7,7.0
61,"A",8,3.0
61,"A",9,3.0
61,"A",10,28.0
61,"A",11,54.0
61,"B",0,476.0
61,"B",1,2273.0
61,"B",2,2442.0
61,"B",3,560.0
61,"B",4,7.0
61,"B",5,103.0
61,"B",6,23.0
61,"B",7,14.0
61,"B",8,3.0
61,"B",9,2.0
61,"B",10,10.0
61,"B",11,128.0
61,"C",0,426.0
61,"C",1,4389.0
61,"C",2,9983.0
61,"C",3,1241.0
61,"C",4,532.0
61,"C",5,178.0
61,"C",6,17.0
61,"C",7,57.0
61,"C",8,15.0
61,"C",9,12.0
61,"C",10,16.0
61,"C",11,117.0
61,"D",0,955.0
61,"D",1,2243.0
61,"D",2,10433.0
61,"D",3,10234.0
61,"D",4,881.0
61,"D",5,2594.0
61,"D",6,504.0
61,"D",7,781.0
61,"D",8,128.0
61,"D",9,75.0
61,"D",10,25.0
61,"D",11,1008.0
61,"E",0,19.0
61,"E",1,97.0
61,"E",2,176.0
61,"E",3,102.0
61,"E",4,1.0
61,"E",5,207.0
61,"E",6,5.0
61,"E",7,163.0
61,"E",8,33.0
61,"E",9,1.0
61,"E",11,39.0
62,,0,98.0
62,,1,172.0
62,,2,1.0
62,,4,1.0
62,,6,1.0
62,,10,16.0
62," D",4,1.0
62,"A",0,657.0
62,"A",1,4449.0
62,"A",2,229.0
62,"A",3,22.0
62,"A",4,33.0
62,"A",5,14.0
62,"A",6,22.0
62,"A",8,5.0
62,"A",9,11.0
62,"A",10,178.0
62,"B",0,203.0
62,"B",1,2526.0
62,"B",2,2816.0
62,"B",3,49.0
62,"B",4,438.0
62,"B",5,65.0
62,"B",6,44.0
62,"B",7,18.0
62,"B",8,4.0
62,"B",9,4.0
62,"B",10,50.0
62,"C",0,213.0
62,"C",1,4655.0
62,"C",2,10207.0
62,"C",3,999.0
62,"C",4,1001.0
62,"C",5,43.0
62,"C",6,156.0
62,"C",7,7.0
62,"C",8,8.0
62,"C",9,22.0
62,"C",10,173.0
62,"D",0,720.0
62,"D",1,2593.0
62,"D",2,12749.0
62,"D",3,2365.0
62,"D",4,7807.0
62,"D",5,1578.0
62,"D",6,2354.0
62,"D",7,441.0
62,"D",8,189.0
62,"D",9,99.0
62,"D",10,768.0
62,"E",0,10.0
62,"E",1,38.0
62,"E",2,140.0
62,"E",3,3.0
62,"E",4,497.0
62,"E",5,11.0
62,"E",6,460.0
62,"E",7,69.0
62,"E",8,1.0
62,"E",9,1.0
62,"E",10,35.0
63,,0,81.0
63,,1,128.0
63,,2,8.0
63,,3,4.0
63,,6,1.0
63,,7,1.0
63,,9,36.0
63,"A",0,1074.0
63,"A",1,4147.0
63,"A",2,76.0
63,"A",3,194.0
63,"A",4,29.0
63,"A",5,48.0
63,"A",6,2.0
63,"A",7,3.0
63,"A",8,7.0
63,"A",9,24.0
63,"B",0,177.0
63,"B",1,2247.0
63,"B",2,388.0
63,"B",3,1842.0
63,"B",4,183.0
63,"B",5,171.0
63,"B",6,19.0
63,"B",7,9.0
63,"B",8,11.0
63,"B",9,32.0
63,"C",0,175.0
63,"C",1,4070.0
63,"C",2,3429.0
63,"C",3,6407.0
63,"C",4,234.0
63,"C",5,476.0
63,"C",6,46.0
63,"C",7,10.0
63,"C",8,26.0
63,"C",9,67.0
63,"D",0,690.0
63,"D",1,2191.0
63,"D",2,2980.0
63,"D",3,9523.0
63,"D",4,2720.0
63,"D",5,4709.0
63,"D",6,805.0
63,"D",7,448.0
63,"D",8,86.0
63,"D",9,833.0
63,"E",0,13.0
63,"E",1,22.0
63,"E",3,133.0
63,"E",4,25.0
63,"E",5,408.0
63,"E",6,139.0
63,"E",7,1.0
63,"E",9,35.0
64,,0,82.0
64,,1,46.0
64,,2,70.0
64,,4,1.0
64,,5,9.0
64,,6,1.0
64,,8,27.0
64,"A",0,398.0
64,"A",1,853.0
64,"A",2,3250.0
64,"A",3,160.0
64,"A",4,142.0
64,"A",5,58.0
64,"A",6,20.0
64,"A",7,9.0
64,"A",8,71.0
64,"B",0,238.0
64,"B",1,759.0
64,"B",2,2915.0
64,"B",3,704.0
64,"B",4,671.0
64,"B",5,51.0
64,"B",6,76.0
64,"B",7,46.0
64,"B",8,45.0
64,"C",0,63.0
64,"C",1,1976.0
64,"C",2,10810.0
64,"C",3,858.0
64,"C",4,1736.0
64,"C",5,132.0
64,"C",6,146.0
64,"C",7,24.0
64,"C",8,67.0
64,"D",0,724.0
64,"D",1,646.0
64,"D",2,6125.0
64,"D",3,4708.0
64,"D",4,10350.0
64,"D",5,2689.0
64,"D",6,1276.0
64,"D",7,461.0
64,"D",8,940.0
64,"E",0,15.0
64,"E",2,44.0
64,"E",3,10.0
64,"E",4,714.0
64,"E",5,149.0
64,"E",6,16.0
64,"E",7,5.0
64,"E",8,53.0
65,,0,35.0
65,,1,147.0
65,,2,1.0
65,,3,5.0
65,,7,6.0
65,"A",0,405.0
65,"A",1,918.0
65,"A",2,156.0
65,"A",3,237.0
65,"A",4,33.0
65,"A",5,51.0
65,"A",6,5.0
65,"A",7,27.0
65,"B",0,14.0
65,"B",1,946.0
65,"B",2,135.0
65,"B",3,684.0
65,"B",4,28.0
65,"B",5,9.0
65,"B",6,10.0
65,"B",7,9.0
65,"C",0,41.0
65,"C",1,2807.0
65,"C",2,793.0
65,"C",3,1328.0
65,"C",4,88.0
65,"C",5,52.0
65,"C",6,52.0
65,"C",7,28.0
65,"D",0,115.0
65,"D",1,1077.0
65,"D",2,1008.0
65,"D",3,3460.0
65,"D",4,774.0
65,"D",5,323.0
65,"D",6,136.0
65,"D",7,201.0
65,"E",1,21.0
65,"E",2,3.0
65,"E",3,132.0
65,"E",4,295.0
65,"E",5,13.0
65,"E",7,13.0
66,,0,77.0
66,,1,63.0
66,,2,70.0
66,,3,2.0
66,,6,27.0
66," D",3,1.0
66,"A",0,230.0
66,"A",1,1398.0
66,"A",2,1448.0
66,"A",3,84.0
66,"A",4,85.0
66,"A",5,8.0
66,"A",6,29.0
66,"B",0,85.0
66,"B",1,566.0
66,"B",2,3268.0
66,"B",3,375.0
66,"B",4,141.0
66,"B",5,74.0
66,"B",6,85.0
66,"C",0,130.0
66,"C",1,661.0
66,"C",2,13599.0
66,"C",3,1272.0
66,"C",4,407.0
66,"C",5,225.0
66,"C",6,156.0
66,"D",0,230.0
66,"D",1,275.0
66,"D",2,9028.0
66,"D",3,8880.0
66,"D",4,3834.0
66,"D",5,1424.0
66,"D",6,1108.0
66,"E",0,12.0
66,"E",1,3.0
66,"E",2,130.0
66,"E",3,458.0
66,"E",4,203.0
66,"E",5,32.0
66,"E",6,51.0
67,,0,13.0
67,,1,115.0
67,,5,11.0
67,"A",0,191.0
67,"A",1,3048.0
67,"A",2,272.0
67,"A",3,57.0
67,"A",4,23.0
67,"A",5,30.0
67,"B",0,17.0
67,"B",1,1723.0
67,"B",2,1080.0
67,"B",3,385.0
67,"B",4,95.0
67,"B",5,166.0
67,"C",1,3824.0
67,"C",2,3850.0
67,"C",3,705.0
67,"C",4,185.0
67,"C",5,88.0
67,"D",0,244.0
67,"D",1,2057.0
67,"D",2,5885.0
67,"D",3,4045.0
67,"D",4,1367.0
67,"D",5,1059.0
67,"E",0,3.0
67,"E",1,18.0
67,"E",2,277.0
67,"E",3,627.0
67,"E",4,57.0
67,"E",5,79.0
68,,0,84.0
68,,1,134.0
68,,2,8.0
68,,3,2.0
68,,4,136.0
68,"A",0,638.0
68,"A",1,3427.0
68,"A",2,541.0
68,"A",3,88.0
68,"A",4,121.0
68,"B",0,300.0
68,"B",1,1999.0
68,"B",2,2851.0
68,"B",3,683.0
68,"B",4,372.0
68,"C",0,1139.0
68,"C",1,5080.0
68,"C",2,11854.0
68,"C",3,1896.0
68,"C",4,746.0
68,"D",0,751.0
68,"D",1,2057.0
68,"D",2,12084.0
68,"D",3,10235.0
68,"D",4,6883.0
68,"E",0,35.0
68,"E",1,69.0
68,"E",2,379.0
68,"E",3,355.0
68,"E",4,368.0
69,,0,80.0
69,,1,130.0
69,,2,29.0
69,,3,45.0
69,"A",0,1142.0
69,"A",1,3626.0
69,"A",2,458.0
69,"A",3,236.0
69,"B",0,319.0
69,"B",1,2250.0
69,"B",2,2724.0
69,"B",3,1147.0
69,"C",0,318.0
69,"C",1,5636.0
69,"C",2,11149.0
69,"C",3,3648.0
69,"D",0,445.0
69,"D",1,2271.0
69,"D",2,11843.0
69,"D",3,18777.0
69,"E",0,27.0
69,"E",1,16.0
69,"E",2,459.0
69,"E",3,851.0
70,,0,71.0
70,,1,120.0
70,,2,65.0
70,"A",0,1695.0
70,"A",1,3526.0
70,"A",2,553.0
70,"B",0,373.0
70,"B",1,2415.0
70,"B",2,3991.0
70,"C",0,385.0
70,"C",1,5593.0
70,"C",2,13270.0
70,"D",0,1068.0
70,"D",1,2904.0
70,"D",2,33549.0
70,"E",0,43.0
70,"E",1,52.0
70,"E",2,2015.0
71,,0,89.0
71,,1,401.0
71,"A",0,1220.0
71,"A",1,3527.0
71,"B",0,312.0
71,"B",1,5394.0
71,"C",0,289.0
71,"C",1,17588.0
71,"D",0,309.0
71,"D",1,30684.0
71,"E",0,26.0
71,"E",1,2585.0
72,,0,34.0
72,"A",0,1549.0
72,"B",0,1204.0
72,"C",0,3204.0
72,"D",0,4262.0
72,"E",0,396.0
